{"stat.useItem.351":15,"stat.craftItem.263":2,"stat.useItem.397":2,"stat.walkOneCm":417824,"stat.useItem.355":2,"stat.useItem.61":1,"stat.useItem.159":49,"stat.animalsBred":1,"stat.craftItem.61":1,"stat.mineBlock.82":2,"stat.mineBlock.85":1,"stat.mineBlock.58":1,"stat.mineBlock.13":4,"stat.craftItem.297":13,"stat.mineBlock.18":382,"stat.mineBlock.17":54,"stat.useItem.324":4,"stat.swimOneCm":15443,"stat.jump":373,"stat.fallOneCm":7836,"stat.craftItem.35":3,"achievement.buildWorkBench":2,"achievement.mineWood":52,"stat.craftItem.324":1,"stat.craftItem.126":6,"stat.mineBlock.50":1,"achievement.exploreAllBiomes":{"value":0,"progress":["Ocean"]},"stat.mineBlock.12":3,"stat.useItem.172":13,"stat.killEntity.Skeleton":4,"stat.useItem.82":2,"stat.useItem.85":25,"stat.craftItem.85":18,"stat.craftItem.5":168,"achievement.openInventory":249,"stat.craftItem.280":92,"stat.damageTaken":590,"stat.mineBlock.4":46,"stat.mineBlock.5":7,"stat.mineBlock.3":10,"stat.mineBlock.159":49,"stat.mobKills":5,"stat.entityKilledBy.Creeper":1,"stat.mineBlock.6":2,"stat.useItem.54":1,"stat.useItem.383":2,"stat.useItem.6":16,"stat.craftItem.58":3,"stat.flyOneCm":18267,"stat.deaths":1,"stat.useItem.12":3,"stat.drop":46,"stat.useItem.50":6,"stat.craftItem.355":1,"stat.playOneMinute":249078,"stat.craftItem.50":8,"stat.useItem.107":1,"stat.mineBlock.172":19,"stat.useItem.4":32,"stat.useItem.5":49,"stat.craftItem.54":3,"stat.useItem.3":19,"stat.damageDealt":125,"stat.killEntity.Zombie":1,"stat.craftItem.107":1,"stat.useItem.13":4,"stat.useItem.58":1,"stat.diveOneCm":19043}