{"stat.useItem.351":15,"stat.craftItem.263":2,"stat.useItem.397":2,"stat.walkOneCm":470950,"stat.useItem.355":2,"stat.useItem.61":1,"stat.useItem.159":49,"stat.animalsBred":1,"stat.craftItem.61":1,"stat.mineBlock.82":2,"stat.mineBlock.85":1,"stat.mineBlock.58":1,"stat.mineBlock.13":47,"stat.craftItem.297":16,"stat.mineBlock.18":462,"stat.mineBlock.17":64,"stat.useItem.72":1,"stat.useItem.324":6,"stat.swimOneCm":20323,"stat.jump":563,"stat.fallOneCm":8928,"stat.craftItem.72":1,"stat.craftItem.35":3,"achievement.buildWorkBench":3,"achievement.mineWood":62,"stat.craftItem.324":1,"stat.craftItem.126":6,"stat.mineBlock.50":2,"achievement.exploreAllBiomes":{"value":0,"progress":["Ocean"]},"stat.mineBlock.12":45,"stat.useItem.172":13,"stat.killEntity.Skeleton":4,"stat.useItem.82":2,"stat.useItem.85":25,"stat.craftItem.85":18,"stat.craftItem.5":180,"achievement.openInventory":281,"stat.craftItem.280":108,"stat.damageTaken":2340,"stat.mineBlock.4":138,"stat.mineBlock.5":7,"stat.mineBlock.3":10,"stat.mineBlock.159":50,"stat.mobKills":5,"stat.entityKilledBy.Creeper":1,"stat.mineBlock.6":3,"stat.useItem.49":1,"stat.useItem.54":3,"stat.useItem.383":2,"stat.useItem.6":19,"stat.craftItem.58":4,"stat.flyOneCm":18969,"stat.deaths":1,"stat.useItem.12":45,"stat.drop":49,"stat.useItem.50":6,"stat.craftItem.355":1,"stat.playOneMinute":285075,"stat.craftItem.50":8,"stat.useItem.107":1,"stat.mineBlock.172":20,"stat.useItem.4":74,"stat.useItem.5":50,"stat.craftItem.54":5,"stat.useItem.3":19,"stat.damageDealt":125,"stat.killEntity.Zombie":1,"stat.craftItem.107":1,"stat.useItem.13":47,"stat.useItem.58":1,"stat.diveOneCm":19534}