{"stat.useItem.351":15,"stat.craftItem.263":2,"stat.useItem.397":2,"stat.walkOneCm":524276,"stat.useItem.355":2,"stat.useItem.61":1,"stat.useItem.159":49,"stat.animalsBred":1,"stat.craftItem.61":1,"stat.mineBlock.82":2,"stat.mineBlock.85":1,"stat.mineBlock.58":1,"stat.mineBlock.13":47,"stat.craftItem.297":16,"stat.mineBlock.18":462,"stat.mineBlock.17":64,"stat.useItem.72":1,"stat.useItem.324":6,"stat.swimOneCm":23553,"stat.jump":637,"stat.fallOneCm":10310,"stat.craftItem.72":1,"stat.craftItem.35":3,"achievement.buildWorkBench":3,"achievement.mineWood":62,"stat.craftItem.324":1,"stat.craftItem.126":12,"stat.mineBlock.50":2,"stat.craftItem.325":1,"achievement.exploreAllBiomes":{"value":0,"progress":["Ocean"]},"stat.mineBlock.12":45,"stat.useItem.172":13,"stat.killEntity.Skeleton":4,"stat.useItem.82":2,"stat.useItem.85":25,"stat.craftItem.85":18,"stat.craftItem.5":220,"achievement.openInventory":332,"stat.craftItem.280":132,"stat.craftItem.44":12,"stat.damageTaken":2340,"stat.mineBlock.4":171,"stat.mineBlock.5":13,"stat.mineBlock.3":10,"stat.mineBlock.159":50,"stat.mobKills":5,"stat.entityKilledBy.Creeper":1,"stat.mineBlock.6":3,"stat.useItem.49":1,"stat.useItem.54":3,"stat.useItem.383":2,"stat.craftItem.350":16,"stat.useItem.6":19,"stat.craftItem.58":4,"stat.flyOneCm":19747,"stat.deaths":1,"stat.useItem.12":45,"stat.drop":51,"stat.useItem.50":6,"stat.craftItem.355":1,"stat.craftItem.158":1,"stat.playOneMinute":320200,"stat.craftItem.50":8,"stat.useItem.107":1,"stat.mineBlock.172":20,"stat.useItem.4":83,"stat.useItem.5":67,"stat.craftItem.54":5,"stat.useItem.3":19,"stat.damageDealt":125,"stat.killEntity.Zombie":1,"stat.craftItem.346":1,"stat.craftItem.107":1,"stat.useItem.13":47,"stat.useItem.58":1,"stat.diveOneCm":19815}