{"stat.useItem.351":15,"stat.walkOneCm":239523,"stat.useItem.355":2,"stat.useItem.159":31,"stat.mineBlock.58":1,"stat.craftItem.297":8,"stat.mineBlock.18":343,"stat.mineBlock.17":49,"stat.useItem.324":4,"stat.swimOneCm":12851,"stat.jump":201,"stat.fallOneCm":5188,"stat.craftItem.35":3,"achievement.buildWorkBench":2,"achievement.mineWood":47,"stat.craftItem.324":1,"stat.craftItem.126":6,"achievement.exploreAllBiomes":{"value":0,"progress":["Ocean"]},"stat.useItem.172":8,"stat.killEntity.Skeleton":4,"stat.craftItem.85":2,"stat.craftItem.5":124,"achievement.openInventory":172,"stat.craftItem.280":36,"stat.damageTaken":590,"stat.mineBlock.4":1,"stat.mineBlock.5":1,"stat.mineBlock.3":10,"stat.mineBlock.159":31,"stat.mobKills":5,"stat.entityKilledBy.Creeper":1,"stat.mineBlock.6":2,"stat.useItem.54":1,"stat.useItem.6":15,"stat.craftItem.58":3,"stat.flyOneCm":12605,"stat.deaths":1,"stat.drop":40,"stat.craftItem.355":1,"stat.playOneMinute":104850,"stat.mineBlock.172":13,"stat.useItem.4":1,"stat.useItem.5":29,"stat.craftItem.54":3,"stat.useItem.3":18,"stat.damageDealt":125,"stat.killEntity.Zombie":1,"stat.useItem.58":1,"stat.diveOneCm":18454}