{"stat.useItem.351":15,"stat.walkOneCm":283629,"stat.useItem.355":2,"stat.useItem.159":31,"stat.animalsBred":1,"stat.mineBlock.85":1,"stat.mineBlock.58":1,"stat.mineBlock.13":1,"stat.craftItem.297":10,"stat.mineBlock.18":381,"stat.mineBlock.17":54,"stat.useItem.324":4,"stat.swimOneCm":12851,"stat.jump":222,"stat.fallOneCm":6359,"stat.craftItem.35":3,"achievement.buildWorkBench":2,"achievement.mineWood":52,"stat.craftItem.324":1,"stat.craftItem.126":6,"achievement.exploreAllBiomes":{"value":0,"progress":["Ocean"]},"stat.useItem.172":8,"stat.killEntity.Skeleton":4,"stat.useItem.85":25,"stat.craftItem.85":18,"stat.craftItem.5":152,"achievement.openInventory":191,"stat.craftItem.280":92,"stat.damageTaken":590,"stat.mineBlock.4":2,"stat.mineBlock.5":1,"stat.mineBlock.3":10,"stat.mineBlock.159":31,"stat.mobKills":5,"stat.entityKilledBy.Creeper":1,"stat.mineBlock.6":2,"stat.useItem.54":1,"stat.useItem.383":2,"stat.useItem.6":16,"stat.craftItem.58":3,"stat.flyOneCm":13705,"stat.deaths":1,"stat.drop":42,"stat.craftItem.355":1,"stat.playOneMinute":140906,"stat.useItem.107":1,"stat.mineBlock.172":13,"stat.useItem.4":2,"stat.useItem.5":39,"stat.craftItem.54":3,"stat.useItem.3":18,"stat.damageDealt":125,"stat.killEntity.Zombie":1,"stat.craftItem.107":1,"stat.useItem.13":1,"stat.useItem.58":1,"stat.diveOneCm":18454}