{"stat.useItem.351":15,"stat.useItem.65":7,"stat.craftItem.263":2,"stat.useItem.397":2,"stat.walkOneCm":643863,"stat.useItem.355":2,"stat.useItem.61":1,"stat.useItem.159":70,"stat.animalsBred":1,"stat.craftItem.61":1,"stat.craftItem.65":3,"stat.mineBlock.82":2,"stat.mineBlock.85":1,"stat.mineBlock.58":1,"stat.mineBlock.13":48,"stat.craftItem.297":16,"stat.mineBlock.18":490,"stat.mineBlock.17":77,"stat.useItem.72":2,"stat.useItem.324":6,"stat.swimOneCm":26004,"stat.jump":799,"stat.fallOneCm":12638,"stat.climbOneCm":5544,"stat.craftItem.72":1,"stat.craftItem.35":3,"achievement.buildWorkBench":3,"achievement.mineWood":75,"stat.craftItem.324":1,"stat.craftItem.126":12,"stat.mineBlock.50":3,"stat.craftItem.325":1,"achievement.exploreAllBiomes":{"value":0,"progress":["Ocean"]},"stat.mineBlock.12":46,"stat.useItem.172":13,"stat.killEntity.Skeleton":4,"stat.useItem.82":2,"stat.useItem.85":25,"stat.craftItem.85":18,"stat.craftItem.5":272,"achievement.openInventory":389,"stat.craftItem.280":140,"stat.craftItem.44":12,"stat.damageTaken":2370,"stat.mineBlock.4":214,"stat.mineBlock.5":13,"stat.mineBlock.3":10,"stat.mineBlock.159":71,"stat.mobKills":5,"stat.entityKilledBy.Creeper":1,"stat.mineBlock.6":3,"stat.useItem.49":1,"stat.useItem.54":4,"stat.useItem.383":2,"stat.craftItem.350":16,"stat.useItem.6":21,"stat.craftItem.58":4,"stat.flyOneCm":41364,"stat.deaths":1,"stat.useItem.12":46,"stat.drop":71,"stat.useItem.50":11,"stat.craftItem.355":1,"stat.craftItem.158":1,"stat.playOneMinute":391030,"stat.craftItem.50":12,"stat.useItem.107":1,"stat.mineBlock.172":20,"stat.useItem.4":87,"stat.useItem.5":165,"stat.craftItem.54":6,"stat.useItem.3":19,"stat.damageDealt":125,"stat.killEntity.Zombie":1,"stat.craftItem.346":1,"stat.craftItem.107":1,"stat.useItem.13":48,"stat.useItem.58":1,"stat.diveOneCm":20030}