{"stat.useItem.351":15,"stat.killEntity.Skeleton":4,"stat.walkOneCm":188110,"stat.useItem.355":2,"stat.useItem.159":31,"stat.craftItem.85":2,"stat.craftItem.5":80,"achievement.openInventory":133,"stat.craftItem.280":36,"stat.damageTaken":590,"stat.mineBlock.3":10,"stat.mineBlock.159":17,"stat.mobKills":5,"stat.entityKilledBy.Creeper":1,"stat.mineBlock.6":2,"stat.mineBlock.58":1,"stat.useItem.54":1,"stat.useItem.6":12,"stat.craftItem.58":3,"stat.flyOneCm":11825,"stat.craftItem.297":8,"stat.deaths":1,"stat.mineBlock.18":290,"stat.mineBlock.17":40,"stat.drop":39,"stat.jump":177,"stat.swimOneCm":12625,"stat.useItem.324":4,"stat.craftItem.355":1,"stat.playOneMinute":68742,"stat.fallOneCm":4344,"stat.mineBlock.172":13,"stat.useItem.5":3,"stat.craftItem.35":3,"achievement.buildWorkBench":2,"stat.craftItem.54":3,"stat.useItem.3":18,"stat.damageDealt":125,"stat.killEntity.Zombie":1,"achievement.mineWood":38,"stat.craftItem.324":1,"stat.craftItem.126":6,"achievement.exploreAllBiomes":{"value":0,"progress":["Ocean"]},"stat.useItem.58":1,"stat.diveOneCm":18454,"stat.useItem.172":8}