{"stat.useItem.351":15,"stat.craftItem.263":1,"stat.walkOneCm":329568,"stat.useItem.355":2,"stat.useItem.61":1,"stat.useItem.159":31,"stat.animalsBred":1,"stat.craftItem.61":1,"stat.mineBlock.85":1,"stat.mineBlock.58":1,"stat.mineBlock.13":4,"stat.craftItem.297":11,"stat.mineBlock.18":381,"stat.mineBlock.17":54,"stat.useItem.324":4,"stat.swimOneCm":14262,"stat.jump":244,"stat.fallOneCm":6992,"stat.craftItem.35":3,"achievement.buildWorkBench":2,"achievement.mineWood":52,"stat.craftItem.324":1,"stat.craftItem.126":6,"achievement.exploreAllBiomes":{"value":0,"progress":["Ocean"]},"stat.mineBlock.12":3,"stat.useItem.172":13,"stat.killEntity.Skeleton":4,"stat.useItem.85":25,"stat.craftItem.85":18,"stat.craftItem.5":160,"achievement.openInventory":210,"stat.craftItem.280":92,"stat.damageTaken":590,"stat.mineBlock.4":4,"stat.mineBlock.5":1,"stat.mineBlock.3":10,"stat.mineBlock.159":31,"stat.mobKills":5,"stat.entityKilledBy.Creeper":1,"stat.mineBlock.6":2,"stat.useItem.54":1,"stat.useItem.383":2,"stat.useItem.6":16,"stat.craftItem.58":3,"stat.flyOneCm":13733,"stat.deaths":1,"stat.useItem.12":3,"stat.drop":43,"stat.useItem.50":4,"stat.craftItem.355":1,"stat.playOneMinute":213020,"stat.craftItem.50":4,"stat.useItem.107":1,"stat.mineBlock.172":19,"stat.useItem.4":4,"stat.useItem.5":39,"stat.craftItem.54":3,"stat.useItem.3":19,"stat.damageDealt":125,"stat.killEntity.Zombie":1,"stat.craftItem.107":1,"stat.useItem.13":4,"stat.useItem.58":1,"stat.diveOneCm":18779}