{"stat.useItem.351":15,"stat.useItem.355":2,"stat.craftItem.61":2,"stat.leaveGame":1,"stat.craftItem.65":3,"stat.mineBlock.13":52,"stat.mineBlock.18":524,"stat.mineBlock.17":99,"stat.swimOneCm":27531,"stat.climbOneCm":10360,"stat.craftItem.72":1,"achievement.buildWorkBench":3,"stat.craftItem.324":1,"stat.craftItem.325":1,"achievement.exploreAllBiomes":{"value":0,"progress":["Ocean"]},"stat.mineBlock.12":46,"stat.craftItem.85":18,"stat.mineBlock.4":348,"stat.mineBlock.5":16,"stat.mineBlock.3":11,"stat.mineBlock.1":2,"stat.mineBlock.6":3,"stat.craftItem.350":16,"stat.flyOneCm":46858,"stat.craftItem.355":1,"achievement.buildPickaxe":1,"stat.useItem.107":1,"achievement.buildBetterPickaxe":1,"stat.craftItem.346":1,"stat.craftItem.107":1,"stat.craftItem.20":4,"stat.useItem.324":6,"stat.craftItem.35":3,"achievement.mineWood":97,"stat.useItem.82":2,"stat.useItem.85":25,"achievement.openInventory":466,"stat.craftItem.44":24,"stat.mineBlock.159":81,"stat.entityKilledBy.Creeper":1,"stat.craftItem.58":4,"stat.deaths":1,"stat.drop":72,"stat.playOneMinute":495396,"stat.craftItem.50":12,"stat.mineBlock.172":20,"stat.craftItem.54":8,"stat.killEntity.Zombie":1,"stat.diveOneCm":20480,"stat.useItem.65":7,"stat.useItem.61":1,"stat.mineBlock.82":2,"stat.mineBlock.85":1,"stat.craftItem.297":16,"stat.useItem.72":2,"stat.jump":943,"stat.fallOneCm":15967,"stat.craftItem.1":17,"stat.craftItem.5":304,"stat.damageTaken":3410,"stat.useItem.49":1,"stat.useItem.54":4,"stat.useItem.50":11,"stat.damageDealt":125,"stat.useItem.58":1,"stat.craftItem.263":2,"stat.useItem.397":2,"stat.walkOneCm":771320,"stat.craftItem.265":5,"stat.useItem.159":71,"stat.animalsBred":1,"stat.mineBlock.58":1,"stat.craftItem.257":1,"stat.craftItem.126":12,"stat.mineBlock.50":3,"stat.useItem.172":13,"stat.killEntity.Skeleton":4,"stat.craftItem.280":152,"stat.mobKills":5,"stat.useItem.383":2,"stat.craftItem.152":1,"stat.useItem.6":25,"stat.useItem.12":46,"stat.craftItem.275":2,"stat.craftItem.158":1,"stat.useItem.1":2,"stat.useItem.4":91,"stat.useItem.5":166,"stat.useItem.3":20,"stat.useItem.13":52}